Entity,Code,Year,Government expenditure on tertiary education as % of GDP (%)
Albania,ALB,2013,0.775849997997284
Algeria,DZA,2008,1.1698100566863998
Andorra,AND,2002,0.11677999794483197
Andorra,AND,2004,0.0760800018906593
Andorra,AND,2005,0.0621300004422665
Andorra,AND,2006,0.145410001277924
Andorra,AND,2007,0.0939999967813492
Andorra,AND,2009,0.113839998841286
Andorra,AND,2010,0.118380002677441
Andorra,AND,2011,0.121320001780987
Andorra,AND,2013,0.112999998033047
Andorra,AND,2014,0.18617999553680398
Angola,AGO,2005,0.175620004534721
Angola,AGO,2006,0.198510006070137
Antigua and Barbuda,ATG,1999,0.48761999607086204
Antigua and Barbuda,ATG,2002,0.23149000108242002
Antigua and Barbuda,ATG,2009,0.18783000111579898
Argentina,ARG,1998,0.8547599911689759
Argentina,ARG,1999,0.775080025196075
Argentina,ARG,2000,0.8306400179862979
Argentina,ARG,2001,0.8281199932098392
Argentina,ARG,2002,0.7027400135993961
Argentina,ARG,2003,0.572220027446747
Argentina,ARG,2004,0.543079972267151
Argentina,ARG,2005,0.5642499923706049
Argentina,ARG,2006,0.6489099860191351
Argentina,ARG,2007,0.691590011119843
Argentina,ARG,2008,0.766070008277893
Argentina,ARG,2009,0.92179000377655
Argentina,ARG,2010,0.914740025997162
Argentina,ARG,2011,0.9689800143241879
Argentina,ARG,2012,1.01678001880646
Argentina,ARG,2013,1.08135998249054
Armenia,ARM,2008,0.358280003070831
Armenia,ARM,2009,0.359539985656738
Armenia,ARM,2010,0.37863999605178794
Armenia,ARM,2011,0.354999989271164
Armenia,ARM,2012,0.277449995279312
Armenia,ARM,2013,0.273440003395081
Armenia,ARM,2014,0.305209994316101
Aruba,ABW,1998,0.481169998645782
Aruba,ABW,1999,0.5116000175476071
Aruba,ABW,2000,0.499049991369247
Aruba,ABW,2001,0.576430022716522
Aruba,ABW,2002,0.5830399990081789
Aruba,ABW,2004,0.48370000720024103
Aruba,ABW,2005,0.537599980831146
Australia,AUS,2000,1.1463299989700302
Australia,AUS,2005,1.09037005901337
Australia,AUS,2006,1.0429400205612198
Australia,AUS,2007,1.04885005950928
Australia,AUS,2008,1.0410300493240399
Australia,AUS,2009,1.12611997127533
Australia,AUS,2010,1.2405699491500901
Australia,AUS,2011,1.18307995796204
Australia,AUS,2012,1.1594099998474099
Australia,AUS,2013,1.36765003204346
Austria,AUT,1998,1.60537004470825
Austria,AUT,1999,1.6039799451828
Austria,AUT,2000,1.40042996406555
Austria,AUT,2001,1.32070994377136
Austria,AUT,2002,1.24879002571106
Austria,AUT,2003,1.26581001281738
Austria,AUT,2004,1.3898999691009502
Austria,AUT,2005,1.43821001052856
Austria,AUT,2006,1.4268000125885
Austria,AUT,2007,1.43669998645782
Austria,AUT,2008,1.44049000740051
Austria,AUT,2009,1.5108300447463998
Austria,AUT,2010,1.58666002750397
Austria,AUT,2011,1.50916004180908
Austria,AUT,2012,1.82114994525909
Austria,AUT,2013,1.7995599508285502
Azerbaijan,AZE,1998,0.22301000356674203
Azerbaijan,AZE,1999,0.25782999396324197
Azerbaijan,AZE,2000,0.23145000636577598
Azerbaijan,AZE,2001,0.210620000958443
Azerbaijan,AZE,2002,0.18361000716686202
Azerbaijan,AZE,2003,0.18333999812603
Azerbaijan,AZE,2004,0.22121000289917
Azerbaijan,AZE,2005,0.20660999417305
Azerbaijan,AZE,2006,0.178949996829033
Azerbaijan,AZE,2007,0.202610000967979
Azerbaijan,AZE,2008,0.27673000097274797
Azerbaijan,AZE,2009,0.450249999761581
Azerbaijan,AZE,2010,0.39037001132965105
Azerbaijan,AZE,2011,0.356240004301071
Bangladesh,BGD,1999,0.233769997954369
Bangladesh,BGD,2000,0.214959993958473
Bangladesh,BGD,2001,0.219479992985725
Bangladesh,BGD,2002,0.22469000518322
Bangladesh,BGD,2003,0.18852999806404103
Bangladesh,BGD,2004,0.22393000125885001
Bangladesh,BGD,2006,0.275530010461807
Bangladesh,BGD,2007,0.252539992332459
Bangladesh,BGD,2008,0.272540003061295
Bangladesh,BGD,2009,0.261849999427795
Bangladesh,BGD,2010,0.26036000251770003
Bangladesh,BGD,2011,0.23172000050544697
Barbados,BRB,1999,1.36620998382568
Barbados,BRB,2000,1.2682399749755902
Barbados,BRB,2001,1.72483003139496
Barbados,BRB,2002,1.72521996498108
Barbados,BRB,2003,1.75224995613098
Barbados,BRB,2004,1.85969996452332
Barbados,BRB,2005,1.7546900510788
Barbados,BRB,2007,1.54384994506836
Barbados,BRB,2008,1.52288997173309
Barbados,BRB,2009,1.59315001964569
Barbados,BRB,2010,1.9096499681472798
Barbados,BRB,2012,1.6998000144958503
Barbados,BRB,2013,2.0374801158905
Barbados,BRB,2014,2.6361699104309104
Belarus,BLR,2004,1.4097100496292099
Belarus,BLR,2005,1.49579000473022
Belarus,BLR,2006,1.62343001365662
Belarus,BLR,2007,1.0401599407196
Belarus,BLR,2009,0.90667998790741
Belarus,BLR,2010,0.926620006561279
Belarus,BLR,2011,0.837779998779297
Belarus,BLR,2012,0.915279984474182
Belarus,BLR,2013,0.910099983215332
Belarus,BLR,2014,0.8425999879837041
Belgium,BEL,2001,1.3036299943924
Belgium,BEL,2002,1.2924499511718799
Belgium,BEL,2003,1.2766200304031399
Belgium,BEL,2004,1.25501000881195
Belgium,BEL,2005,1.2517100572586102
Belgium,BEL,2006,1.2869199514389
Belgium,BEL,2007,1.26925003528595
Belgium,BEL,2008,1.34106004238129
Belgium,BEL,2009,1.4386999607086202
Belgium,BEL,2010,1.4205399751663201
Belgium,BEL,2011,1.40314996242523
Belgium,BEL,2012,1.43382000923157
Belize,BLZ,1999,0.349159985780716
Belize,BLZ,2000,0.32831999659538297
Belize,BLZ,2004,0.570609986782074
Belize,BLZ,2008,0.5226699709892271
Belize,BLZ,2009,0.665769994258881
Belize,BLZ,2010,0.573780000209808
Belize,BLZ,2012,0.593270003795624
Belize,BLZ,2013,0.8435999751091
Benin,BEN,2000,0.628470003604889
Benin,BEN,2001,0.5921499729156489
Benin,BEN,2002,0.64002001285553
Benin,BEN,2003,0.642830014228821
Benin,BEN,2004,0.683499991893768
Benin,BEN,2005,0.7698299884796139
Benin,BEN,2006,0.7231000065803531
Benin,BEN,2007,0.651160001754761
Benin,BEN,2008,0.669439971446991
Benin,BEN,2009,0.780889987945557
Benin,BEN,2010,0.7847899794578549
Benin,BEN,2012,1.21028995513916
Benin,BEN,2013,0.9614499807357791
Benin,BEN,2014,0.891480028629303
Bermuda,BMU,1998,0.0398599989712238
Bermuda,BMU,2010,0.356539994478226
Bermuda,BMU,2014,0.325080007314682
Bhutan,BTN,2005,0.99576997756958
Bhutan,BTN,2008,0.930610001087189
Bhutan,BTN,2009,0.61216002702713
Bhutan,BTN,2010,0.608120024204254
Bhutan,BTN,2011,0.513610005378723
Bhutan,BTN,2013,1.01874005794525
Bhutan,BTN,2014,0.60971999168396
Bolivia,BOL,1998,1.4933700561523402
Bolivia,BOL,1999,1.36889004707336
Bolivia,BOL,2000,1.57913994789124
Bolivia,BOL,2001,1.5666799545288101
Bolivia,BOL,2002,1.5630799531936599
Bolivia,BOL,2003,1.37867999076843
Bolivia,BOL,2006,1.52778005599976
Bolivia,BOL,2008,2.04764008522034
Bolivia,BOL,2009,2.40340995788574
Bolivia,BOL,2010,2.26945996284485
Bolivia,BOL,2011,1.98104000091553
Bolivia,BOL,2012,1.6060999631881698
Bolivia,BOL,2013,1.6896799802780198
Bolivia,BOL,2014,1.9104000329971298
Botswana,BWA,2005,2.9757900238037096
Botswana,BWA,2007,2.4336700439453103
Botswana,BWA,2009,3.99856996536255
Brazil,BRA,1998,1.01603996753693
Brazil,BRA,1999,0.7973099946975709
Brazil,BRA,2000,0.869289994239807
Brazil,BRA,2001,0.829670011997223
Brazil,BRA,2002,0.8832799792289731
Brazil,BRA,2004,0.751609981060028
Brazil,BRA,2005,0.850350022315979
Brazil,BRA,2006,0.811529994010925
Brazil,BRA,2007,0.805079996585846
Brazil,BRA,2008,0.8388900160789491
Brazil,BRA,2009,0.8748300075531009
Brazil,BRA,2010,0.926069974899292
Brazil,BRA,2011,0.9621400237083441
Brazil,BRA,2012,0.967880010604858
Brunei,BRN,2010,0.49895998835563704
Brunei,BRN,2014,1.20214998722076
Bulgaria,BGR,1998,0.404130011796951
Bulgaria,BGR,2001,0.5382199883461
Bulgaria,BGR,2002,0.515839993953705
Bulgaria,BGR,2003,0.790170013904572
Bulgaria,BGR,2004,0.494720011949539
Bulgaria,BGR,2005,0.6938400268554691
Bulgaria,BGR,2006,0.676339983940125
Bulgaria,BGR,2007,0.600250005722046
Bulgaria,BGR,2008,0.815739989280701
Bulgaria,BGR,2009,0.888629972934723
Bulgaria,BGR,2010,0.579779982566834
Bulgaria,BGR,2011,0.6098399758338929
Bulgaria,BGR,2012,0.627359986305237
Burkina Faso,BFA,2005,0.42443001270294206
Burkina Faso,BFA,2006,0.495629996061325
Burkina Faso,BFA,2007,0.6975499987602231
Burkina Faso,BFA,2010,0.7421299815177921
Burkina Faso,BFA,2011,0.686460018157959
Burkina Faso,BFA,2012,0.709410011768341
Burkina Faso,BFA,2013,0.9839599728584291
Burkina Faso,BFA,2014,0.553040027618408
Burundi,BDI,1999,0.830560028553009
Burundi,BDI,2000,0.7122799754142758
Burundi,BDI,2001,0.8063099980354309
Burundi,BDI,2002,0.749180018901825
Burundi,BDI,2004,0.684679985046387
Burundi,BDI,2005,0.5559300184249879
Burundi,BDI,2008,1.10152995586395
Burundi,BDI,2009,1.15939998626709
Burundi,BDI,2010,1.2250000238418601
Burundi,BDI,2011,1.0471999645233199
Burundi,BDI,2012,1.1978900432586699
Burundi,BDI,2013,1.31219005584717
Cambodia,KHM,1998,0.0574899986386299
Cambodia,KHM,2001,0.0853599980473518
Cambodia,KHM,2010,0.37852999567985496
Cambodia,KHM,2012,0.0721800029277802
Cambodia,KHM,2013,0.123290002346039
Cameroon,CMR,2004,0.345059990882874
Cameroon,CMR,2005,0.394879996776581
Cameroon,CMR,2006,0.31029000878334007
Cameroon,CMR,2007,0.357320010662079
Cameroon,CMR,2008,0.26172000169754
Cameroon,CMR,2009,0.298460006713867
Cameroon,CMR,2010,0.29960000514984103
Cameroon,CMR,2011,0.460790008306503
Cameroon,CMR,2012,0.230399996042252
Cameroon,CMR,2013,0.30910998582840005
Canada,CAN,1998,1.7135299444198602
Canada,CAN,2007,1.76601004600525
Canada,CAN,2008,1.6053999662399299
Canada,CAN,2009,1.7576700448989901
Canada,CAN,2010,1.90082001686096
Canada,CAN,2011,1.8769600391387902
Canada,CAN,2012,1.7304500341415399
Cape Verde,CPV,2002,1.37946999073029
Cape Verde,CPV,2005,0.590690016746521
Cape Verde,CPV,2006,0.7281799912452701
Cape Verde,CPV,2008,0.622099995613098
Cape Verde,CPV,2009,0.741479992866516
Cape Verde,CPV,2011,0.835739970207214
Cape Verde,CPV,2013,0.7968400120735172
Central African Republic,CAF,2006,0.322899997234344
Central African Republic,CAF,2007,0.27941000461578397
Central African Republic,CAF,2008,0.22551999986171697
Central African Republic,CAF,2009,0.29611998796463
Central African Republic,CAF,2010,0.246619999408722
Central African Republic,CAF,2011,0.335310012102127
Chad,TCD,1998,0.27344998717308
Chad,TCD,2004,0.28014999628067
Chad,TCD,2005,0.317440003156662
Chad,TCD,2009,0.286119997501373
Chad,TCD,2010,0.391609996557236
Chad,TCD,2011,0.367680013179779
Chad,TCD,2013,0.9036999940872191
Chile,CHL,1998,0.56726998090744
Chile,CHL,2000,0.5386499762535101
Chile,CHL,2002,0.5624300241470339
Chile,CHL,2003,0.506529986858368
Chile,CHL,2004,0.527360022068024
Chile,CHL,2005,0.450410008430481
Chile,CHL,2006,0.4478699862957
Chile,CHL,2007,0.49355000257492104
Chile,CHL,2008,0.5504900217056271
Chile,CHL,2009,0.661710023880005
Chile,CHL,2010,0.933659970760345
Chile,CHL,2011,0.886539995670319
Chile,CHL,2012,0.965960025787354
Chile,CHL,2013,1.1673699617385902
China,CHN,1998,0.28841999173164395
China,CHN,1999,0.454719990491867
Colombia,COL,1998,0.7692300081253051
Colombia,COL,1999,0.8468700051307679
Colombia,COL,2000,0.697950005531311
Colombia,COL,2001,0.737089991569519
Colombia,COL,2002,0.5667099952697751
Colombia,COL,2004,0.542890012264252
Colombia,COL,2005,0.5518699884414671
Colombia,COL,2006,0.5695499777793879
Colombia,COL,2008,0.861949980258942
Colombia,COL,2009,0.9301999807357791
Colombia,COL,2010,1.06684005260468
Colombia,COL,2011,0.9189599752426151
Colombia,COL,2012,0.96356999874115
Colombia,COL,2013,0.869459986686707
Colombia,COL,2014,0.9694300293922421
Comoros,COM,1998,0.125469997525215
Comoros,COM,2002,0.29760000109672496
Comoros,COM,2008,1.1385699510574299
Comoros,COM,2011,0.458460003137589
Comoros,COM,2012,0.41602998971939104
Congo,COG,2002,0.8170499801635741
Congo,COG,2005,0.475690007209778
Congo,COG,2010,0.676360011100769
Congo,COG,2013,0.705449998378754
Costa Rica,CRI,1999,0.8414499759674069
Costa Rica,CRI,2000,0.8540800213813778
Costa Rica,CRI,2001,0.9015399813652042
Costa Rica,CRI,2002,0.953760027885437
Costa Rica,CRI,2004,0.919019997119904
Costa Rica,CRI,2006,0.974039971828461
Costa Rica,CRI,2007,0.989730000495911
Costa Rica,CRI,2008,1.05445003509521
Costa Rica,CRI,2009,1.19406998157501
Costa Rica,CRI,2010,1.25458002090454
Costa Rica,CRI,2011,1.29925000667572
Costa Rica,CRI,2012,1.35117995738983
Costa Rica,CRI,2013,1.41963005065918
Costa Rica,CRI,2014,1.52019000053406
Cote d'Ivoire,CIV,1998,0.8906199932098392
Cote d'Ivoire,CIV,1999,0.8517299890518192
Cote d'Ivoire,CIV,2000,0.816389977931976
Cote d'Ivoire,CIV,2001,0.712580025196075
Cote d'Ivoire,CIV,2002,0.708840012550354
Cote d'Ivoire,CIV,2003,0.7418900132179259
Cote d'Ivoire,CIV,2004,0.834720015525818
Cote d'Ivoire,CIV,2005,0.821150004863739
Cote d'Ivoire,CIV,2006,0.8487399816513058
Cote d'Ivoire,CIV,2007,0.902559995651245
Cote d'Ivoire,CIV,2014,0.992150008678436
Croatia,HRV,1999,0.744340002536774
Croatia,HRV,2000,0.91686999797821
Croatia,HRV,2002,0.729770004749298
Croatia,HRV,2003,0.717320024967194
Croatia,HRV,2004,0.691919982433319
Croatia,HRV,2007,0.786379992961884
Croatia,HRV,2008,0.9376099705696109
Croatia,HRV,2009,0.827400028705597
Croatia,HRV,2010,0.778829991817474
Croatia,HRV,2011,0.921280026435852
Cuba,CUB,1998,1.02032005786896
Cuba,CUB,1999,1.07556998729706
Cuba,CUB,2000,1.3538399934768701
Cuba,CUB,2001,1.42960000038147
Cuba,CUB,2002,1.67866003513336
Cuba,CUB,2004,2.23629999160767
Cuba,CUB,2005,2.32908010482788
Cuba,CUB,2006,2.07347011566162
Cuba,CUB,2007,2.98099994659424
Curacao,CUW,2013,0.258830010890961
Cyprus,CYP,1999,0.707710027694702
Cyprus,CYP,2000,0.859539985656738
Cyprus,CYP,2001,0.6606199741363531
Cyprus,CYP,2002,0.810890018939972
Cyprus,CYP,2003,1.42830002307892
Cyprus,CYP,2004,1.3592599630355802
Cyprus,CYP,2005,1.45000994205475
Cyprus,CYP,2006,1.5046600103378303
Cyprus,CYP,2007,1.47990000247955
Cyprus,CYP,2008,1.70134997367859
Cyprus,CYP,2009,1.88191998004913
Cyprus,CYP,2010,1.3627899885177601
Cyprus,CYP,2011,1.3586200475692702
Czechia,CZE,1998,0.681580007076263
Czechia,CZE,1999,0.7053599953651429
Czechia,CZE,2000,0.6948199868202211
Czechia,CZE,2001,0.726419985294342
Czechia,CZE,2002,0.796450018882751
Czechia,CZE,2003,0.8613200187683109
Czechia,CZE,2004,0.8646799921989441
Czechia,CZE,2005,0.8192600011825558
Czechia,CZE,2006,1.12767994403839
Czechia,CZE,2007,0.9885200262069699
Czechia,CZE,2008,0.8897299766540531
Czechia,CZE,2009,0.97079998254776
Czechia,CZE,2010,0.9179400205612179
Czechia,CZE,2011,1.10496997833252
Czechia,CZE,2012,1.00012004375458
Democratic Republic of Congo,COD,2010,0.384550005197525
Democratic Republic of Congo,COD,2013,0.4927999973297121
Denmark,DNK,1998,2.11798000335693
Denmark,DNK,1999,2.29911994934082
Denmark,DNK,2000,2.4254100322723398
Denmark,DNK,2001,2.63668990135193
Denmark,DNK,2002,2.6265199184417702
Denmark,DNK,2003,2.43618988990784
Denmark,DNK,2004,2.4491400718688996
Denmark,DNK,2005,2.31796002388
Denmark,DNK,2006,2.19332003593445
Denmark,DNK,2007,2.22300004959106
Denmark,DNK,2008,2.12059998512268
Denmark,DNK,2009,2.34615993499756
Denmark,DNK,2010,2.3552000522613503
Denmark,DNK,2011,2.3850300312042205
Djibouti,DJI,2010,0.7408599853515629
Dominican Republic,DOM,2007,0.29815000295639
Ecuador,ECU,1999,0.123860001564026
Ecuador,ECU,2000,0.0593900009989738
Ecuador,ECU,2010,1.0831600427627601
Ecuador,ECU,2011,1.1470099687576298
Ecuador,ECU,2012,1.1106100082397499
El Salvador,SLV,1998,0.20434999465942397
El Salvador,SLV,2000,0.170980006456375
El Salvador,SLV,2002,0.20704999566078197
El Salvador,SLV,2003,0.212750002741814
El Salvador,SLV,2005,0.30465999245643605
El Salvador,SLV,2006,0.29355001449585
El Salvador,SLV,2007,0.300790011882782
El Salvador,SLV,2009,0.415349990129471
El Salvador,SLV,2010,0.426620006561279
El Salvador,SLV,2011,0.28659000992775
Equatorial Guinea,GNQ,1998,0.659210026264191
Eritrea,ERI,2001,0.568530023097992
Eritrea,ERI,2002,0.5246700048446661
Eritrea,ERI,2004,1.00443994998932
Estonia,EST,1998,1.05040001869202
Estonia,EST,1999,1.12149000167847
Estonia,EST,2001,1.0240299701690698
Estonia,EST,2002,1.07763004302979
Estonia,EST,2003,1.0198899507522599
Estonia,EST,2004,0.853739976882935
Estonia,EST,2005,0.9180200099945072
Estonia,EST,2007,1.02498996257782
Estonia,EST,2008,1.09637999534607
Estonia,EST,2009,1.31405997276306
Estonia,EST,2010,1.20129001140594
Estonia,EST,2011,1.2586599588394198
Estonia,EST,2012,1.02438998222351
Eswatini,SWZ,1999,1.6328300237655602
Eswatini,SWZ,2000,2.0246798992157
Eswatini,SWZ,2001,1.2433999776840199
Eswatini,SWZ,2002,1.13936996459961
Eswatini,SWZ,2003,1.73652005195618
Eswatini,SWZ,2004,1.7054300308227501
Eswatini,SWZ,2005,1.7765599489212
Eswatini,SWZ,2006,1.7181600332260099
Eswatini,SWZ,2008,1.62048995494843
Eswatini,SWZ,2009,1.54066002368927
Eswatini,SWZ,2010,1.15412998199463
Eswatini,SWZ,2011,1.10889005661011
Ethiopia,ETH,2009,1.7302500009536699
Ethiopia,ETH,2010,1.9756499528884899
Ethiopia,ETH,2011,2.46186995506287
Ethiopia,ETH,2012,2.60733008384705
Ethiopia,ETH,2013,1.92137002944946
Fiji,FJI,1998,0.888310015201569
Fiji,FJI,1999,0.769140005111694
Fiji,FJI,2000,0.844569981098175
Fiji,FJI,2001,0.901239991188049
Fiji,FJI,2002,0.849950015544891
Fiji,FJI,2004,0.9795600175857541
Fiji,FJI,2011,0.540700018405914
Fiji,FJI,2013,0.8748499751091
Finland,FIN,1999,1.985759973526
Finland,FIN,2000,1.94547998905182
Finland,FIN,2001,1.9264500141143799
Finland,FIN,2002,1.9565299749374399
Finland,FIN,2003,1.97788000106812
Finland,FIN,2004,1.9863400459289597
Finland,FIN,2005,1.92007994651794
Finland,FIN,2006,1.8795200586318999
Finland,FIN,2007,1.7833000421524001
Finland,FIN,2008,1.81274998188019
Finland,FIN,2009,2.0589399337768604
Finland,FIN,2010,2.08303999900818
Finland,FIN,2011,2.07575011253357
Finland,FIN,2012,2.05452990531921
Finland,FIN,2013,2.01324009895325
France,FRA,1999,0.992519974708557
France,FRA,2000,0.9715099930763241
France,FRA,2001,0.955730020999908
France,FRA,2002,0.957310020923615
France,FRA,2003,1.15968000888824
France,FRA,2004,1.1761300563812298
France,FRA,2005,1.1605399847030602
France,FRA,2006,1.16514003276825
France,FRA,2007,1.1943900585174598
France,FRA,2008,1.2085900306701698
France,FRA,2009,1.3051700592041
France,FRA,2010,1.2860599756240803
France,FRA,2011,1.2570199966430702
France,FRA,2012,1.23637998104095
Gabon,GAB,1998,0.33542999625206
Gambia,GMB,2001,0.30748999118804904
Gambia,GMB,2002,0.398440003395081
Gambia,GMB,2003,0.354579985141754
Gambia,GMB,2004,0.160060003399849
Gambia,GMB,2005,0.162550002336502
Gambia,GMB,2006,0.16653999686241103
Gambia,GMB,2007,0.196360006928444
Gambia,GMB,2008,0.318599998950958
Gambia,GMB,2009,0.268330007791519
Gambia,GMB,2010,0.4104300141334529
Gambia,GMB,2011,0.29754999279975897
Gambia,GMB,2012,0.30103999376296997
Gambia,GMB,2013,0.29692000150680503
Georgia,GEO,2008,0.337989985942841
Georgia,GEO,2011,0.300909996032715
Georgia,GEO,2012,0.38021999597549394
Germany,DEU,1998,1.0355299711227401
Germany,DEU,2006,1.07778000831604
Germany,DEU,2007,1.1015700101852401
Germany,DEU,2008,1.1752500534057602
Germany,DEU,2009,1.29048001766205
Germany,DEU,2010,1.3346699476242099
Germany,DEU,2011,1.35233998298645
Germany,DEU,2012,1.32298004627228
Ghana,GHA,2001,0.7600700259208679
Ghana,GHA,2004,1.4722599983215299
Ghana,GHA,2005,1.63824999332428
Ghana,GHA,2006,1.06786000728607
Ghana,GHA,2007,1.4361399412155198
Ghana,GHA,2008,1.4886200428009
Ghana,GHA,2009,1.2694599628448502
Ghana,GHA,2010,1.43770003318787
Ghana,GHA,2011,1.0686000585556001
Ghana,GHA,2012,1.46667003631592
Ghana,GHA,2013,1.1968499422073402
Greece,GRC,1998,0.8960000276565551
Greece,GRC,1999,0.881420016288757
Greece,GRC,2000,0.774160027503967
Greece,GRC,2001,1.02715003490448
Greece,GRC,2002,1.1102900505065902
Greece,GRC,2003,1.06076002120972
Greece,GRC,2004,1.27047002315521
Greece,GRC,2005,1.43079996109009
Grenada,GRD,2003,0.38352000713348405
Guatemala,GTM,2006,0.35455000400543196
Guatemala,GTM,2007,0.331719994544983
Guatemala,GTM,2008,0.343820005655289
Guatemala,GTM,2010,0.31764999032020597
Guatemala,GTM,2011,0.36351001262664795
Guatemala,GTM,2012,0.37937998771667497
Guatemala,GTM,2013,0.349519997835159
Guinea,GIN,2004,0.569660007953644
Guinea,GIN,2005,0.5651100277900699
Guinea,GIN,2008,0.839389979839325
Guinea,GIN,2009,1.10018002986908
Guinea,GIN,2010,1.3378200531005902
Guinea,GIN,2011,1.32729005813599
Guinea,GIN,2012,0.825150012969971
Guinea,GIN,2013,1.2264399528503402
Guinea-Bissau,GNB,2010,0.0934500023722649
Guinea-Bissau,GNB,2011,0.11738000065088301
Guinea-Bissau,GNB,2012,0.11952999979257599
Guinea-Bissau,GNB,2013,0.091839998960495
Guyana,GUY,2002,0.40887001156806896
Guyana,GUY,2004,0.34268999099731395
Guyana,GUY,2006,0.266689985990524
Guyana,GUY,2007,0.22100999951362602
Guyana,GUY,2009,0.24685999751091
Guyana,GUY,2010,0.193800002336502
Guyana,GUY,2011,0.13883000612258897
Guyana,GUY,2012,0.16168999671936
Honduras,HND,2010,0.8897500038146969
Honduras,HND,2012,0.974290013313293
Honduras,HND,2013,1.0862499475479102
Honduras,HND,2014,0.985339999198914
Hong Kong,HKG,2004,1.38349997997284
Hong Kong,HKG,2005,1.1724100112915001
Hong Kong,HKG,2006,1.14833998680115
Hong Kong,HKG,2007,1.06036996841431
Hong Kong,HKG,2008,1.00590002536774
Hong Kong,HKG,2009,1.99865996837616
Hong Kong,HKG,2010,0.975019991397858
Hong Kong,HKG,2011,0.979489982128143
Hong Kong,HKG,2012,1.15113997459412
Hong Kong,HKG,2013,1.46170997619629
Hong Kong,HKG,2014,1.0441600084304798
Hungary,HUN,1998,0.864000022411346
Hungary,HUN,1999,0.915499985218048
Hungary,HUN,2000,1.02436995506287
Hungary,HUN,2001,1.0422500371933
Hungary,HUN,2002,1.09694004058838
Hungary,HUN,2003,1.20254004001617
Hungary,HUN,2004,1.0011500120163002
Hungary,HUN,2005,1.0110800266265898
Hungary,HUN,2006,1.02119994163513
Hungary,HUN,2007,1.02031004428864
Hungary,HUN,2008,1.0019099712371802
Hungary,HUN,2009,1.10193002223969
Hungary,HUN,2010,0.9652100205421451
Hungary,HUN,2011,1.08279001712799
Hungary,HUN,2012,0.800920009613037
Iceland,ISL,1999,1.1656399965286297
Iceland,ISL,2000,1.17655003070831
Iceland,ISL,2001,1.21309995651245
Iceland,ISL,2002,1.34117996692657
Iceland,ISL,2003,1.3622499704361
Iceland,ISL,2004,1.33945000171661
Iceland,ISL,2005,1.4125200510025
Iceland,ISL,2006,1.32571005821228
Iceland,ISL,2007,1.33326995372772
Iceland,ISL,2008,1.4293999671936002
Iceland,ISL,2009,1.5006599426269498
Iceland,ISL,2010,1.5484000444412198
Iceland,ISL,2011,1.36870002746582
India,IND,1999,0.761330008506775
India,IND,2000,0.8625900149345401
India,IND,2003,0.7133299708366391
India,IND,2004,0.6593599915504461
India,IND,2005,0.612810015678406
India,IND,2006,0.626929998397827
India,IND,2009,1.1703599691391002
India,IND,2010,1.1975899934768701
India,IND,2011,1.29123997688293
India,IND,2012,1.2305799722671498
Indonesia,IDN,2007,0.38835000991821295
Indonesia,IDN,2008,0.318580001592636
Indonesia,IDN,2009,0.428849995136261
Indonesia,IDN,2010,0.45146998763084395
Indonesia,IDN,2011,0.4968700110912321
Indonesia,IDN,2012,0.585330009460449
Indonesia,IDN,2013,0.5522999763488771
Indonesia,IDN,2014,0.49619999527931197
Iran,IRN,2001,0.788999974727631
Iran,IRN,2002,0.8278099894523621
Iran,IRN,2003,0.7451199889183041
Iran,IRN,2004,0.672410011291504
Iran,IRN,2005,0.644550025463104
Iran,IRN,2006,0.910090029239655
Iran,IRN,2007,0.9640899896621701
Iran,IRN,2008,0.8386099934577941
Iran,IRN,2009,0.878709971904755
Iran,IRN,2010,0.826749980449677
Iran,IRN,2011,0.9963499903678891
Iran,IRN,2012,0.891049981117249
Iran,IRN,2013,0.722790002822876
Iran,IRN,2014,0.83653998374939
Ireland,IRL,1998,1.0939199924469
Ireland,IRL,1999,1.12399995326996
Ireland,IRL,2000,1.25258994102478
Ireland,IRL,2001,1.16931998729706
Ireland,IRL,2002,1.1348700523376498
Ireland,IRL,2003,1.04358994960785
Ireland,IRL,2004,1.05232000350952
Ireland,IRL,2005,1.0549999475479102
Ireland,IRL,2006,1.0889199972152699
Ireland,IRL,2007,1.10118997097015
Ireland,IRL,2008,1.2677899599075302
Ireland,IRL,2009,1.4626499414443999
Ireland,IRL,2010,1.3544600009918202
Ireland,IRL,2011,1.2500900030136102
Ireland,IRL,2012,1.2353800535202
Israel,ISR,1998,1.2103699445724498
Israel,ISR,1999,1.1780099868774399
Israel,ISR,2000,1.11925995349884
Israel,ISR,2001,1.1389299631118799
Israel,ISR,2002,1.08103001117706
Israel,ISR,2003,1.1745699644088703
Israel,ISR,2004,0.9793300032615658
Israel,ISR,2005,0.95209002494812
Israel,ISR,2006,0.946009993553162
Israel,ISR,2007,0.9634400010108951
Israel,ISR,2008,0.882820010185242
Israel,ISR,2009,0.9486799836158749
Israel,ISR,2010,0.9332000017166141
Israel,ISR,2011,0.902180016040802
Israel,ISR,2012,0.9246399998664859
Israel,ISR,2013,0.9263799786567691
Italy,ITA,1998,0.7269799709320072
Italy,ITA,1999,0.8364800214767459
Italy,ITA,2000,0.7949699759483341
Italy,ITA,2001,0.7634000182151791
Italy,ITA,2002,0.822369992733002
Italy,ITA,2003,0.7475299835205079
Italy,ITA,2004,0.7435200214385991
Italy,ITA,2005,0.732209980487823
Italy,ITA,2006,0.770389974117279
Italy,ITA,2007,0.7277299761772159
Italy,ITA,2008,0.8064600229263309
Italy,ITA,2009,0.828369975090027
Italy,ITA,2010,0.8160899877548221
Italy,ITA,2011,0.801400005817413
Jamaica,JAM,2001,1.15500998497009
Jamaica,JAM,2002,1.03990995883942
Jamaica,JAM,2003,0.629710018634796
Jamaica,JAM,2004,0.73650997877121
Jamaica,JAM,2005,1.01895999908447
Jamaica,JAM,2007,1.0978000164031998
Jamaica,JAM,2008,0.972779989242554
Jamaica,JAM,2009,1.25672996044159
Jamaica,JAM,2010,1.39174997806549
Jamaica,JAM,2011,1.24354004859924
Jamaica,JAM,2012,1.07458996772766
Jamaica,JAM,2013,1.10230994224548
Jamaica,JAM,2014,1.0539799928665199
Japan,JPN,1998,0.412569999694824
Japan,JPN,1999,0.464489996433258
Japan,JPN,2000,0.5485799908637999
Japan,JPN,2001,0.53795999288559
Japan,JPN,2002,0.533599972724915
Japan,JPN,2003,0.61176997423172
Japan,JPN,2004,0.6454700231552121
Japan,JPN,2005,0.6010500192642211
Japan,JPN,2006,0.606869995594025
Japan,JPN,2007,0.6363800168037409
Japan,JPN,2008,0.6489800214767459
Japan,JPN,2010,0.759519994258881
Japan,JPN,2011,0.7355800271034241
Japan,JPN,2012,0.7751500010490421
Japan,JPN,2013,0.763610005378723
Japan,JPN,2014,0.781289994716644
Jordan,JOR,1999,0.922599971294403
Kazakhstan,KAZ,2002,0.397289991378784
Kazakhstan,KAZ,2004,0.263810008764267
Kazakhstan,KAZ,2005,0.27831000089645397
Kazakhstan,KAZ,2006,0.4306899905204771
Kazakhstan,KAZ,2007,0.3938800096511839
Kazakhstan,KAZ,2008,0.35984998941421503
Kazakhstan,KAZ,2009,0.401989996433258
Kazakhstan,KAZ,2013,0.44799000024795504
Kazakhstan,KAZ,2014,0.39474999904632596
Kenya,KEN,1999,0.609939992427826
Kenya,KEN,2000,0.607469975948334
Kenya,KEN,2001,0.681330025196075
Kenya,KEN,2003,0.788929998874664
Kenya,KEN,2004,0.8774700164794921
Kenya,KEN,2006,1.0868999958038301
Kuwait,KWT,2002,2.19093990325928
Kuwait,KWT,2003,2.2994000911712598
Kuwait,KWT,2004,1.92542004585266
Kuwait,KWT,2005,1.5447900295257602
Kuwait,KWT,2006,1.2257900238037098
Kyrgyzstan,KGZ,1998,0.944670021533966
Kyrgyzstan,KGZ,1999,0.6562899947166441
Kyrgyzstan,KGZ,2000,0.516390025615692
Kyrgyzstan,KGZ,2001,0.663609981536865
Kyrgyzstan,KGZ,2002,0.8721399903297421
Kyrgyzstan,KGZ,2003,0.890999972820282
Kyrgyzstan,KGZ,2004,0.9160500168800351
Kyrgyzstan,KGZ,2005,0.9349200129508969
Kyrgyzstan,KGZ,2006,0.997569978237152
Kyrgyzstan,KGZ,2007,1.02847003936768
Kyrgyzstan,KGZ,2008,0.972169995307922
Kyrgyzstan,KGZ,2009,0.9736300110816959
Kyrgyzstan,KGZ,2010,0.9028999805450441
Kyrgyzstan,KGZ,2012,0.888040006160736
Kyrgyzstan,KGZ,2013,0.8662899732589721
Laos,LAO,2000,0.18532000482082397
Laos,LAO,2001,0.340939998626709
Laos,LAO,2002,0.356799989938736
Latvia,LVA,1998,0.9218299984931949
Latvia,LVA,1999,0.928219974040985
Latvia,LVA,2000,0.86023998260498
Latvia,LVA,2001,0.852859973907471
Latvia,LVA,2002,0.8649700284004208
Latvia,LVA,2003,0.703859984874725
Latvia,LVA,2004,0.653550028800964
Latvia,LVA,2006,0.845870018005371
Latvia,LVA,2007,0.8671699762344359
Latvia,LVA,2008,0.938220024108887
Latvia,LVA,2009,0.7786800265312191
Latvia,LVA,2010,0.8077999949455258
Latvia,LVA,2011,1.01354002952576
Latvia,LVA,2012,0.9623500108718871
Latvia,LVA,2013,0.95608001947403
Lebanon,LBN,2002,0.7264500260353092
Lebanon,LBN,2004,0.6681399941444399
Lebanon,LBN,2005,0.768610000610352
Lebanon,LBN,2006,0.7656599879264828
Lebanon,LBN,2007,0.6611599922180179
Lebanon,LBN,2008,0.5896400213241579
Lebanon,LBN,2009,0.47398000955581704
Lebanon,LBN,2010,0.443709999322891
Lebanon,LBN,2011,0.43615999817848206
Lebanon,LBN,2012,0.672519981861115
Lebanon,LBN,2013,0.739430010318756
Lesotho,LSO,1999,3.09640002250671
Lesotho,LSO,2000,1.92042005062103
Lesotho,LSO,2001,2.00809001922607
Lesotho,LSO,2005,5.390399932861331
Lesotho,LSO,2006,5.10216999053955
Lesotho,LSO,2008,4.72333002090454
Liberia,LBR,2007,0.539430022239685
Liberia,LBR,2012,0.870379984378815
Libya,LBY,1999,1.19381999969482
Liechtenstein,LIE,2003,0.31659001111984303
Liechtenstein,LIE,2004,0.337909996509552
Liechtenstein,LIE,2006,0.18627999722957603
Liechtenstein,LIE,2007,0.174669995903969
Lithuania,LTU,2001,1.32445001602173
Lithuania,LTU,2002,1.39127004146576
Lithuania,LTU,2003,0.9852799773216251
Lithuania,LTU,2004,1.0583599805831898
Lithuania,LTU,2005,1.02309000492096
Lithuania,LTU,2006,0.991710007190704
Lithuania,LTU,2007,0.998130023479462
Lithuania,LTU,2008,1.0251499414443999
Lithuania,LTU,2009,1.1236100196838401
Lithuania,LTU,2010,1.24855005741119
Lithuania,LTU,2011,1.4575400352478
Lithuania,LTU,2012,1.3821200132370002
Macao,MAC,1998,1.21756994724274
Macao,MAC,1999,1.04679000377655
Macao,MAC,2000,1.04343998432159
Macao,MAC,2002,1.20181000232697
Macao,MAC,2003,1.18906998634338
Macao,MAC,2004,1.0341000556945799
Macao,MAC,2005,1.07123005390167
Macao,MAC,2006,0.918760001659393
Macao,MAC,2007,0.7692000269889828
Macao,MAC,2008,0.81616997718811
Macao,MAC,2009,0.8540099859237671
Macao,MAC,2010,1.2623800039291397
Macao,MAC,2011,1.60184001922607
Macao,MAC,2012,2.2760200500488303
Macao,MAC,2013,0.9254400134086609
Madagascar,MDG,1998,0.321020007133484
Madagascar,MDG,2005,0.388150006532669
Madagascar,MDG,2006,0.423099994659424
Madagascar,MDG,2007,0.429540008306503
Madagascar,MDG,2008,0.44707998633384705
Madagascar,MDG,2009,0.48895001411438005
Madagascar,MDG,2011,0.37483000755310103
Madagascar,MDG,2012,0.415280014276505
Malawi,MWI,1999,0.7500600218772892
Malawi,MWI,2000,0.8212299942970279
Malawi,MWI,2001,0.6877599954605099
Malawi,MWI,2010,1.29812002182007
Malawi,MWI,2011,1.4256199598312398
Malawi,MWI,2013,2.1833701133728
Malawi,MWI,2014,1.4820699691772499
Malaysia,MYS,2000,1.9146499633789098
Malaysia,MYS,2001,2.5634999275207497
Malaysia,MYS,2002,2.5500500202179
Malaysia,MYS,2003,2.62498998641968
Malaysia,MYS,2004,1.98125004768372
Malaysia,MYS,2006,1.62083995342255
Malaysia,MYS,2007,1.44421005249023
Malaysia,MYS,2009,2.1473801136016797
Malaysia,MYS,2010,1.71114003658295
Malaysia,MYS,2011,2.1304299831390403
Malaysia,MYS,2013,2.07256007194519
Maldives,MDV,2011,0.39759001135826094
Maldives,MDV,2012,0.486189991235733
Mali,MLI,1998,0.387670010328293
Mali,MLI,1999,0.382189989089966
Mali,MLI,2008,0.612959980964661
Mali,MLI,2009,0.695879995822906
Mali,MLI,2010,0.799440026283264
Mali,MLI,2011,1.0642600059509302
Mali,MLI,2012,0.8516700267791751
Mali,MLI,2013,0.7564100027084351
Mali,MLI,2014,0.9385899901390079
Malta,MLT,1998,0.8039100170135501
Malta,MLT,2002,0.8873800039291379
Malta,MLT,2004,0.527939975261688
Malta,MLT,2007,0.954079985618591
Malta,MLT,2008,1.0344200134277302
Malta,MLT,2009,1.18968999385834
Malta,MLT,2010,1.57671999931335
Malta,MLT,2011,1.1073299646377601
Malta,MLT,2012,1.4987900257110602
Marshall Islands,MHL,2002,1.2747000455856299
Mauritania,MRT,1999,0.34226998686790505
Mauritania,MRT,2008,0.593930006027222
Mauritania,MRT,2010,0.677320003509521
Mauritania,MRT,2011,0.39480999112129206
Mauritania,MRT,2012,0.366780012845993
Mauritania,MRT,2013,0.379299998283386
Mauritius,MUS,2001,0.40228000283241294
Mauritius,MUS,2002,0.484090000391006
Mauritius,MUS,2003,0.6630600094795229
Mauritius,MUS,2004,0.6253399848937989
Mauritius,MUS,2005,0.476770013570786
Mauritius,MUS,2006,0.39438998699188205
Mauritius,MUS,2008,0.32705000042915305
Mauritius,MUS,2009,0.39570999145507796
Mauritius,MUS,2010,0.342350006103516
Mauritius,MUS,2011,0.271600008010864
Mauritius,MUS,2012,0.27355998754501304
Mauritius,MUS,2013,0.294869989156723
Mauritius,MUS,2014,0.351870000362396
Mexico,MEX,1998,0.7125399708747859
Mexico,MEX,1999,0.755909979343414
Mexico,MEX,2001,0.642159998416901
Mexico,MEX,2002,0.909870028495789
Mexico,MEX,2003,0.8744000196456909
Mexico,MEX,2004,0.834959983825684
Mexico,MEX,2005,0.856679975986481
Mexico,MEX,2006,0.8167999982833859
Mexico,MEX,2007,0.874509990215302
Mexico,MEX,2008,0.9162799715995792
Mexico,MEX,2009,1.04548001289368
Mexico,MEX,2010,1.02208995819092
Mexico,MEX,2011,0.9342100024223331
Moldova,MDA,2006,1.45595002174377
Moldova,MDA,2007,1.61807000637054
Moldova,MDA,2008,1.5358799695968601
Moldova,MDA,2009,1.71733999252319
Moldova,MDA,2010,1.6380200386047399
Moldova,MDA,2011,1.55567002296448
Moldova,MDA,2012,1.4663399457931499
Moldova,MDA,2014,1.28685998916626
Monaco,MCO,2004,0.0543400011956692
Mongolia,MNG,2002,1.11471998691559
Mongolia,MNG,2004,0.797349989414215
Mongolia,MNG,2010,0.31042000651359597
Mongolia,MNG,2011,0.176420003175735
Morocco,MAR,1998,0.8716999888420109
Morocco,MAR,1999,0.9230800271034241
Morocco,MAR,2000,1.06421005725861
Morocco,MAR,2009,1.06176996231079
Mozambique,MOZ,1999,0.701479971408844
Mozambique,MOZ,2006,0.518890023231506
Mozambique,MOZ,2012,0.740090012550354
Mozambique,MOZ,2013,0.887179970741272
Namibia,NAM,1999,0.868799984455109
Namibia,NAM,2000,0.836229979991913
Namibia,NAM,2001,0.82683002948761
Namibia,NAM,2002,0.585759997367859
Namibia,NAM,2003,0.5569300055503851
Namibia,NAM,2006,0.7911700010299679
Namibia,NAM,2008,0.642300009727478
Namibia,NAM,2010,1.9275499582290603
Nepal,NPL,1998,0.606209993362427
Nepal,NPL,1999,0.5338100194931029
Nepal,NPL,2000,0.5599899888038641
Nepal,NPL,2001,0.442809998989105
Nepal,NPL,2002,0.38060000538826005
Nepal,NPL,2003,0.32019001245498696
Nepal,NPL,2008,0.512080013751984
Nepal,NPL,2009,0.558820009231567
Nepal,NPL,2010,0.502489984035492
Nepal,NPL,2014,0.537899971008301
Netherlands,NLD,1998,1.3286600112915001
Netherlands,NLD,1999,1.31260001659393
Netherlands,NLD,2000,1.2959400415420501
Netherlands,NLD,2001,1.2745900154113798
Netherlands,NLD,2002,1.2581399679183998
Netherlands,NLD,2003,1.33583998680115
Netherlands,NLD,2004,1.35999000072479
Netherlands,NLD,2005,1.38120996952057
Netherlands,NLD,2006,1.4002399444580098
Netherlands,NLD,2007,1.3442499637603798
Netherlands,NLD,2008,1.4143600463867199
Netherlands,NLD,2009,1.50773000717163
Netherlands,NLD,2010,1.5583300590515101
Netherlands,NLD,2011,1.60566997528076
Netherlands,NLD,2012,1.57630002498627
Netherlands,NLD,2013,1.6229900121688798
New Zealand,NZL,1999,1.70135998725891
New Zealand,NZL,2001,1.61829996109009
New Zealand,NZL,2002,1.67946004867554
New Zealand,NZL,2003,1.59880995750427
New Zealand,NZL,2004,1.58528995513916
New Zealand,NZL,2005,1.4507999420166
New Zealand,NZL,2006,1.46456003189087
New Zealand,NZL,2007,1.59890997409821
New Zealand,NZL,2008,1.5986100435257
New Zealand,NZL,2009,1.8862500190734899
New Zealand,NZL,2010,1.88724005222321
New Zealand,NZL,2011,1.9181799888610802
New Zealand,NZL,2012,1.83702003955841
New Zealand,NZL,2014,1.6073600053787198
Nicaragua,NIC,2010,1.1703799962997399
Niger,NER,2006,0.298920005559921
Niger,NER,2007,0.42085999250412004
Niger,NER,2008,0.34472998976707503
Niger,NER,2009,0.4479599893093111
Niger,NER,2010,0.469260007143021
Niger,NER,2011,0.6045600175857541
Niger,NER,2012,0.762290000915527
Niger,NER,2013,0.798430025577545
Niger,NER,2014,0.943379998207092
North Macedonia,MKD,2002,0.495370000600815
Norway,NOR,1998,1.9192899465560902
Norway,NOR,1999,1.8881299495697002
Norway,NOR,2000,1.64209997653961
Norway,NOR,2001,1.8049499988555902
Norway,NOR,2002,2.04656004905701
Norway,NOR,2003,2.25493001937866
Norway,NOR,2004,2.3436899185180695
Norway,NOR,2005,2.22288990020752
Norway,NOR,2006,2.01438999176025
Norway,NOR,2007,2.08783006668091
Norway,NOR,2008,2.0117599964141797
Norway,NOR,2009,2.1605999469757102
Norway,NOR,2010,1.99974000453949
Norway,NOR,2011,1.92985999584198
Oman,OMN,1998,0.39568999409675604
Oman,OMN,1999,0.391869992017746
Oman,OMN,2001,0.38062000274658203
Oman,OMN,2002,0.432020008563995
Oman,OMN,2004,0.374920010566711
Oman,OMN,2005,0.268640011548996
Oman,OMN,2009,1.1258100271225
Pakistan,PAK,2013,0.803719997406006
Pakistan,PAK,2014,0.5506500005722049
Palau,PLW,2001,1.5540699958801298
Panama,PAN,1999,1.26320004463196
Panama,PAN,2000,1.27742004394531
Panama,PAN,2001,1.15007996559143
Panama,PAN,2002,1.24846994876862
Panama,PAN,2004,1.07438004016876
Panama,PAN,2011,0.7324900031089779
Panama,PAN,2012,0.7421900033950809
Paraguay,PRY,2000,0.789789974689484
Paraguay,PRY,2001,0.725849986076355
Paraguay,PRY,2002,0.638279974460602
Paraguay,PRY,2003,0.675870001316071
Paraguay,PRY,2004,0.5472800135612489
Paraguay,PRY,2007,0.678919970989227
Paraguay,PRY,2010,0.6984599828720089
Paraguay,PRY,2011,1.66295003890991
Paraguay,PRY,2012,1.11160004138947
Peru,PER,1998,0.67875999212265
Peru,PER,2002,0.351249992847443
Peru,PER,2003,0.38716998696327204
Peru,PER,2004,0.41111001372337297
Peru,PER,2005,0.309720009565353
Peru,PER,2006,0.386079996824265
Peru,PER,2007,0.358429998159409
Peru,PER,2008,0.446680009365082
Peru,PER,2009,0.45019999146461503
Peru,PER,2010,0.393559992313385
Peru,PER,2011,0.4675300121307371
Peru,PER,2012,0.527610003948212
Peru,PER,2013,0.5527300238609311
Peru,PER,2014,0.520829975605011
Philippines,PHL,2000,0.45146998763084395
Philippines,PHL,2001,0.4156999886035921
Philippines,PHL,2002,0.420949995517731
Philippines,PHL,2003,0.40158000588417103
Philippines,PHL,2004,0.34538000822067305
Philippines,PHL,2005,0.32221001386642495
Philippines,PHL,2007,0.275290012359619
Philippines,PHL,2008,0.280629992485046
Philippines,PHL,2009,0.317220002412796
Poland,POL,1998,1.11571002006531
Poland,POL,1999,0.7619000077247621
Poland,POL,2000,0.722239971160889
Poland,POL,2001,0.8364499807357791
Poland,POL,2002,1.05013000965118
Poland,POL,2003,1.02069997787476
Poland,POL,2004,1.14411997795105
Poland,POL,2005,1.1874200105667099
Poland,POL,2006,0.9570599794387821
Poland,POL,2007,0.926069974899292
Poland,POL,2008,1.04260003566742
Poland,POL,2009,1.05674004554749
Poland,POL,2010,1.15448999404907
Poland,POL,2011,1.1002999544143701
Poland,POL,2012,1.12565994262695
Portugal,PRT,1999,0.941609978675842
Portugal,PRT,2000,0.935769975185394
Portugal,PRT,2001,0.981369972229004
Portugal,PRT,2002,0.905510008335114
Portugal,PRT,2003,0.952080011367798
Portugal,PRT,2004,0.830879986286163
Portugal,PRT,2005,0.918900012969971
Portugal,PRT,2006,0.9346699714660641
Portugal,PRT,2007,1.1162099838256798
Portugal,PRT,2008,0.9093400239944459
Portugal,PRT,2009,1.0307099819183299
Portugal,PRT,2010,1.08889997005463
Portugal,PRT,2011,1.00880002975464
Puerto Rico,PRI,2013,2.46251010894775
Romania,ROU,2001,0.7748500108718871
Romania,ROU,2002,0.695429980754852
Romania,ROU,2003,0.674629986286163
Romania,ROU,2004,0.693319976329803
Romania,ROU,2005,0.8020899891853329
Romania,ROU,2007,1.11219000816345
Romania,ROU,2009,1.17709004878998
Romania,ROU,2010,0.984799981117249
Romania,ROU,2011,0.8381400108337399
Romania,ROU,2012,0.769070029258728
Romania,ROU,2013,0.715420007705688
Russia,RUS,2000,0.47372999787330605
Russia,RUS,2001,0.537899971008301
Russia,RUS,2002,0.653429985046387
Russia,RUS,2003,0.679260015487671
Russia,RUS,2004,0.649410009384155
Russia,RUS,2005,0.7942299842834469
Russia,RUS,2006,0.8465800285339359
Russia,RUS,2008,0.948059976100922
Russia,RUS,2012,0.878790020942688
Rwanda,RWA,2000,1.4190200567245501
Rwanda,RWA,2005,0.981509983539581
Rwanda,RWA,2007,1.09182000160217
Rwanda,RWA,2008,0.961000025272369
Rwanda,RWA,2010,1.1261299848556499
Rwanda,RWA,2011,0.8685299754142758
Rwanda,RWA,2012,0.630410015583038
Rwanda,RWA,2013,0.7050200104713441
Saint Kitts and Nevis,KNA,1998,0.569559991359711
Saint Lucia,LCA,1999,0.806270003318787
Saint Lucia,LCA,2009,0.23265999555587802
Saint Lucia,LCA,2010,0.189030006527901
Saint Lucia,LCA,2011,0.213949993252754
Saint Vincent and the Grenadines,VCT,2005,0.235379993915558
Saint Vincent and the Grenadines,VCT,2007,0.34141001105308505
Saint Vincent and the Grenadines,VCT,2009,0.308129996061325
Saint Vincent and the Grenadines,VCT,2010,0.356489986181259
Samoa,WSM,1999,1.6173700094223002
Samoa,WSM,2000,1.30404996871948
Samoa,WSM,2001,1.2710599899291999
San Marino,SMR,2010,0.225350007414818
San Marino,SMR,2011,0.25650998950004605
Sao Tome and Principe,STP,2012,0.9721199870109559
Sao Tome and Principe,STP,2013,0.485989987850189
Sao Tome and Principe,STP,2014,0.37220999598503096
Saudi Arabia,SAU,1998,1.41261005401611
Senegal,SEN,1998,0.739300012588501
Senegal,SEN,2005,1.12899005413055
Senegal,SEN,2006,1.12149000167847
Senegal,SEN,2008,1.23912000656128
Senegal,SEN,2009,1.26365995407104
Senegal,SEN,2010,1.3760299682617199
Serbia,SRB,2007,1.16603994369507
Serbia,SRB,2008,1.2849999666214
Serbia,SRB,2009,1.31333994865417
Serbia,SRB,2010,1.33385002613068
Serbia,SRB,2011,1.3115199804306001
Serbia,SRB,2012,1.28919994831085
Seychelles,SYC,1998,0.48418000340461703
Seychelles,SYC,2002,0.9057700037956241
Seychelles,SYC,2006,0.8536300063133241
Seychelles,SYC,2011,1.17263996601105
Sierra Leone,SLE,2007,0.47881999611854603
Sierra Leone,SLE,2008,0.502659976482391
Sierra Leone,SLE,2009,0.548910021781921
Sierra Leone,SLE,2010,0.508390009403229
Sierra Leone,SLE,2011,0.485460013151169
Sierra Leone,SLE,2012,0.6778500080108639
Sierra Leone,SLE,2013,0.62746000289917
Sierra Leone,SLE,2014,0.8483800292015079
Singapore,SGP,2008,0.905809998512268
Singapore,SGP,2009,1.0434600114822399
Singapore,SGP,2010,1.0898400545120202
Singapore,SGP,2011,1.09536004066467
Singapore,SGP,2012,1.18491005897522
Singapore,SGP,2013,1.02502000331879
Slovakia,SVK,1999,0.7367100119590759
Slovakia,SVK,2000,0.7113999724388119
Slovakia,SVK,2001,0.809260010719299
Slovakia,SVK,2002,0.857020020484924
Slovakia,SVK,2003,0.82898998260498
Slovakia,SVK,2004,0.9617999792099
Slovakia,SVK,2005,0.793330013751984
Slovakia,SVK,2006,0.8817999958992
Slovakia,SVK,2007,0.771809995174408
Slovakia,SVK,2008,0.7611500024795529
Slovakia,SVK,2009,0.7959799766540531
Slovakia,SVK,2010,0.8100600242614749
Slovakia,SVK,2011,0.928439974784851
Slovakia,SVK,2012,0.941070020198822
Slovakia,SVK,2013,0.9715800285339359
Slovenia,SVN,2001,1.25271999835968
Slovenia,SVN,2002,1.24731004238129
Slovenia,SVN,2003,1.27075004577637
Slovenia,SVN,2004,1.27714002132416
Slovenia,SVN,2005,1.22962999343872
Slovenia,SVN,2006,1.21369004249573
Slovenia,SVN,2007,1.1899100542068501
Slovenia,SVN,2008,1.18963003158569
Slovenia,SVN,2009,1.35046005249023
Slovenia,SVN,2010,1.33759999275208
Slovenia,SVN,2011,1.34686005115509
Slovenia,SVN,2012,1.2024199962616
South Africa,ZAF,1999,0.8955000042915341
South Africa,ZAF,2000,0.791920006275177
South Africa,ZAF,2001,0.7486799955368041
South Africa,ZAF,2002,0.7421299815177921
South Africa,ZAF,2003,0.686469972133636
South Africa,ZAF,2004,0.6753399968147281
South Africa,ZAF,2005,0.762260019779205
South Africa,ZAF,2006,0.6517300009727479
South Africa,ZAF,2007,0.651380002498627
South Africa,ZAF,2008,0.63305002450943
South Africa,ZAF,2009,0.6578500270843511
South Africa,ZAF,2010,0.679589986801147
South Africa,ZAF,2011,0.698140025138855
South Africa,ZAF,2012,0.758719980716705
South Africa,ZAF,2013,0.744229972362518
South Africa,ZAF,2014,0.737959980964661
South Korea,KOR,1998,0.36695998907089206
South Korea,KOR,1999,0.46665000915527294
South Korea,KOR,2002,0.305920004844666
South Korea,KOR,2003,0.562020003795624
South Korea,KOR,2004,0.533529996871948
South Korea,KOR,2005,0.544510006904602
South Korea,KOR,2006,0.5936400294303891
South Korea,KOR,2007,0.5594800114631651
South Korea,KOR,2008,0.621460020542145
South Korea,KOR,2009,0.7966899871826171
South Korea,KOR,2012,0.7210000157356259
South Korea,KOR,2013,0.864180028438568
South Sudan,SSD,2011,0.204019993543625
Spain,ESP,1998,0.8513000011444091
Spain,ESP,1999,0.8574699759483341
Spain,ESP,2000,0.910000026226044
Spain,ESP,2001,0.9395300149917599
Spain,ESP,2002,0.944760024547577
Spain,ESP,2003,0.967559993267059
Spain,ESP,2004,0.9497200250625609
Spain,ESP,2005,0.9236999750137329
Spain,ESP,2006,0.9274200201034549
Spain,ESP,2007,0.9679099917411801
Spain,ESP,2008,1.03883004188538
Spain,ESP,2009,1.11128997802734
Spain,ESP,2010,1.12929999828339
Spain,ESP,2011,1.14038002490997
Spain,ESP,2012,0.985719978809357
Spain,ESP,2013,0.965900003910065
Sri Lanka,LKA,2001,0.35995000600814797
Sri Lanka,LKA,2009,0.37406998872757
Sri Lanka,LKA,2010,0.28218999505043
Sri Lanka,LKA,2011,0.32120001316070595
Sri Lanka,LKA,2012,0.280220001935959
Sri Lanka,LKA,2013,0.34244999289512607
Sweden,SWE,1998,1.8734699487686202
Sweden,SWE,1999,1.86951994895935
Sweden,SWE,2000,1.85359001159668
Sweden,SWE,2001,1.8741600513458299
Sweden,SWE,2002,1.9827400445938101
Sweden,SWE,2003,1.97964000701904
Sweden,SWE,2004,1.9133900403976398
Sweden,SWE,2005,1.8043600320816002
Sweden,SWE,2006,1.7181600332260099
Sweden,SWE,2007,1.6419800519943202
Sweden,SWE,2008,1.725909948349
Sweden,SWE,2009,1.92656004428864
Sweden,SWE,2010,1.92183005809784
Sweden,SWE,2011,1.8873699903488201
Sweden,SWE,2012,1.93557000160217
Sweden,SWE,2013,1.95701003074646
Switzerland,CHE,1998,0.9944999814033509
Switzerland,CHE,1999,1.09106004238129
Switzerland,CHE,2000,1.06743001937866
Switzerland,CHE,2001,1.14627003669739
Switzerland,CHE,2002,1.28863000869751
Switzerland,CHE,2003,1.5000599622726398
Switzerland,CHE,2004,1.52404999732971
Switzerland,CHE,2005,1.3547899723052998
Switzerland,CHE,2006,1.3247499465942398
Switzerland,CHE,2007,1.19924998283386
Switzerland,CHE,2008,1.1742399930954
Switzerland,CHE,2009,1.27215003967285
Switzerland,CHE,2010,1.2521599531173702
Switzerland,CHE,2011,1.29809999465942
Switzerland,CHE,2012,1.32942998409271
Syria,SYR,2001,0.8658400177955631
Syria,SYR,2002,1.05939996242523
Syria,SYR,2003,1.4456000328063998
Syria,SYR,2004,1.33328998088837
Syria,SYR,2006,1.06087005138397
Syria,SYR,2007,1.0394500494003298
Syria,SYR,2008,1.14625000953674
Syria,SYR,2009,1.24266004562378
Tajikistan,TJK,2002,0.334609985351563
Tajikistan,TJK,2003,0.188539996743202
Tajikistan,TJK,2004,0.14835000038147
Tajikistan,TJK,2005,0.259409993886948
Tajikistan,TJK,2006,0.222220003604889
Tajikistan,TJK,2007,0.25720000267028803
Tajikistan,TJK,2008,0.492949992418289
Tajikistan,TJK,2009,0.49099999666214006
Tajikistan,TJK,2010,0.40369001030921897
Tajikistan,TJK,2011,0.330460011959076
Tajikistan,TJK,2012,0.449259996414185
Tajikistan,TJK,2013,0.458609998226166
Tanzania,TZA,2004,0.869029998779297
Tanzania,TZA,2005,0.999610006809235
Tanzania,TZA,2006,0.7928500175476071
Tanzania,TZA,2007,1.04373002052307
Tanzania,TZA,2008,1.26936995983124
Tanzania,TZA,2009,1.3657699823379499
Tanzania,TZA,2010,1.30798995494843
Tanzania,TZA,2014,0.745000004768372
Thailand,THA,1998,1.1154999732971203
Thailand,THA,2000,1.0666400194168102
Thailand,THA,2001,1.04489004611969
Thailand,THA,2004,0.8308899998664859
Thailand,THA,2005,0.8540999889373779
Thailand,THA,2006,0.961579978466034
Thailand,THA,2008,0.7429599761962891
Thailand,THA,2009,0.7464100122451779
Thailand,THA,2010,0.579540014266968
Thailand,THA,2011,0.7172399759292599
Thailand,THA,2012,0.654110014438629
Thailand,THA,2013,0.6416800022125239
Timor,TLS,2009,0.9330099821090699
Timor,TLS,2010,1.09411001205444
Timor,TLS,2011,1.84815001487732
Timor,TLS,2012,0.9140800237655641
Timor,TLS,2013,0.235280007123947
Timor,TLS,2014,0.315589994192123
Togo,TGO,1998,0.867929995059967
Togo,TGO,1999,0.9204599857330319
Togo,TGO,2000,0.7839599847793579
Togo,TGO,2007,0.7929499745368961
Togo,TGO,2008,0.691100001335144
Togo,TGO,2009,0.5945600271224979
Togo,TGO,2010,0.7400599718093871
Togo,TGO,2011,0.7109199762344359
Togo,TGO,2012,0.856630027294159
Togo,TGO,2013,0.9783499836921691
Togo,TGO,2014,1.0493199825286899
Tonga,TON,2004,0.8466799855232242
Tunisia,TUN,1999,1.3503199815750102
Tunisia,TUN,2000,1.34303998947144
Tunisia,TUN,2001,1.36758995056152
Tunisia,TUN,2002,1.3190900087356598
Tunisia,TUN,2003,1.6642199754715
Tunisia,TUN,2004,1.7898700237274199
Tunisia,TUN,2005,1.55736994743347
Tunisia,TUN,2006,1.5616500377655
Tunisia,TUN,2007,1.58994996547699
Tunisia,TUN,2008,1.567999958992
Tunisia,TUN,2009,1.7642899751663201
Tunisia,TUN,2010,1.76217997074127
Tunisia,TUN,2012,1.7546600103378303
Tunisia,TUN,2013,1.7565699815750102
Tunisia,TUN,2014,1.62028002738953
Turkey,TUR,1999,0.82506000995636
Turkey,TUR,2000,0.8005700111389159
Turkey,TUR,2001,0.8722199797630309
Turkey,TUR,2002,0.9519000053405758
Turkey,TUR,2003,0.9603999853134159
Turkey,TUR,2004,0.869459986686707
Turkey,TUR,2006,0.913020014762878
Turkmenistan,TKM,2012,0.281390011310577
Turks and Caicos Islands,TCA,2015,0.7322199940681461
Uganda,UGA,2004,0.587629973888397
Uganda,UGA,2009,0.36785000562667797
Uganda,UGA,2010,0.254590004682541
Uganda,UGA,2011,0.260650008916855
Uganda,UGA,2012,0.31185999512672397
Uganda,UGA,2013,0.302740007638931
Ukraine,UKR,2000,1.34386003017426
Ukraine,UKR,2001,1.4920400381088301
Ukraine,UKR,2002,1.84536004066467
Ukraine,UKR,2003,1.73107004165649
Ukraine,UKR,2004,1.68457996845245
Ukraine,UKR,2005,1.7860200405120803
Ukraine,UKR,2006,1.89311003684998
Ukraine,UKR,2007,1.84992003440857
Ukraine,UKR,2008,2.0274500846862797
Ukraine,UKR,2009,2.36843991279602
Ukraine,UKR,2011,2.12005996704102
Ukraine,UKR,2012,2.16916990280151
Ukraine,UKR,2013,2.12620997428894
United Kingdom,GBR,1998,0.996280014514923
United Kingdom,GBR,1999,0.863049983978271
United Kingdom,GBR,2000,0.7599400281906129
United Kingdom,GBR,2001,0.757099986076355
United Kingdom,GBR,2002,1.0223799943924001
United Kingdom,GBR,2003,1.00832998752594
United Kingdom,GBR,2004,0.9660300016403199
United Kingdom,GBR,2005,1.1580799818038898
United Kingdom,GBR,2006,1.05172002315521
United Kingdom,GBR,2007,0.8959900140762329
United Kingdom,GBR,2008,0.8026499748229979
United Kingdom,GBR,2009,0.762910008430481
United Kingdom,GBR,2010,0.973940014839172
United Kingdom,GBR,2011,1.2732399702072101
United Kingdom,GBR,2013,1.36233997344971
United States,USA,1998,1.26455998420715
United States,USA,1999,1.27163994312286
United States,USA,2001,1.43528997898102
United States,USA,2002,1.3615000247955302
United States,USA,2003,1.46068000793457
United States,USA,2004,1.2954000234603897
United States,USA,2005,1.30856001377106
United States,USA,2006,1.4178099632263201
United States,USA,2007,1.24328005313873
United States,USA,2008,1.23734998703003
United States,USA,2009,1.1867500543594398
United States,USA,2010,1.3903900384903
United States,USA,2011,1.36410999298096
Uruguay,URY,1999,0.51103001832962
Uruguay,URY,2000,0.496089994907379
Uruguay,URY,2001,0.590059995651245
Uruguay,URY,2002,0.49865999817848206
Uruguay,URY,2003,0.536480009555817
Uruguay,URY,2004,0.607339978218079
Uruguay,URY,2005,0.592710018157959
Uruguay,URY,2006,0.633719980716705
Uruguay,URY,2011,1.1686600446701
Vanuatu,VUT,1998,0.5007100105285639
Vanuatu,VUT,1999,0.41789999604225203
Vanuatu,VUT,2000,0.517260015010834
Vanuatu,VUT,2001,0.936699986457825
Vanuatu,VUT,2008,0.338690012693405
Venezuela,VEN,2006,1.7364399433136002
Venezuela,VEN,2007,1.5774199962616
Venezuela,VEN,2009,1.5536099672317498
Vietnam,VNM,2008,1.08313000202179
Vietnam,VNM,2010,0.924910008907318
Vietnam,VNM,2012,1.05046999454498
Zambia,ZMB,2000,0.34709000587463396
Zambia,ZMB,2004,0.44464001059532204
Zambia,ZMB,2005,0.4469499886035921
Zimbabwe,ZWE,2009,0.267159998416901
Zimbabwe,ZWE,2010,0.45021000504493697